<?xml version="1.0" encoding="UTF-8"?>
<project-private xmlns="http://www.netbeans.org/ns/project-private/1">
    <editor-bookmarks xmlns="http://www.netbeans.org/ns/editor-bookmarks/2" lastBookmarkId="0"/>
    <open-files xmlns="http://www.netbeans.org/ns/projectui-open-files/2">
        <group>
            <file>file:/C:/Users/ACER/Documents/NetBeansProjects/Pokemonpaweena/src/pokemonpaweena/Clefairy.java</file>
            <file>file:/C:/Users/ACER/Documents/NetBeansProjects/Pokemonpaweena/src/pokemonpaweena/Bulpix.java</file>
            <file>file:/C:/Users/ACER/Documents/NetBeansProjects/Pokemonpaweena/src/pokemonpaweena/Pokemonpaweena.java</file>
            <file>file:/C:/Users/ACER/Documents/NetBeansProjects/Pokemonpaweena/src/pokemonpaweena/Raichu.java</file>
            <file>file:/C:/Users/ACER/Documents/NetBeansProjects/Pokemonpaweena/src/pokemonpaweena/NewJFrame.java</file>
            <file>file:/C:/Users/ACER/Documents/NetBeansProjects/Pokemonpaweena/src/pokemonpaweena/Squirtle.java</file>
            <file>file:/C:/Users/ACER/Documents/NetBeansProjects/Pokemonpaweena/src/pokemonpaweena/Wigglytuff.java</file>
            <file>file:/C:/Users/ACER/Documents/NetBeansProjects/Pokemonpaweena/src/pokemonpaweena/Charmander.java</file>
            <file>file:/C:/Users/ACER/Documents/NetBeansProjects/Pokemonpaweena/src/pokemonpaweena/POKEMON.java</file>
        </group>
    </open-files>
</project-private>
